<?xml version="1.0" encoding="UTF-8"?>
<module>
  <inherits name='com.google.gwt.user.User'/>
  <source path="com/google/caliper">
    <!-- Adding a file? Don't forget to update build.xml! -->
    <include name="**/LinearTranslation.java"/>
    <include name="**/Environment.java"/>
    <include name="**/Run.java"/>
    <include name="**/Measurement.java"/>
    <include name="**/MeasurementSet.java"/>
    <include name="**/ScenarioResult.java"/>
    <include name="**/MeasurementType.java"/>
    <include name="**/Scenario.java"/>
  </source>
</module>